-- ============================================================
-- 迁移 v6：插入测试用户与模拟高频对话数据
-- 对应热榜 8 个话题，对话数逐级递减
-- ============================================================

SET NAMES utf8mb4;

-- ============================================================
-- 1. 测试用户（密码统一为 123456，BCrypt 哈希）
-- 使用 INSERT IGNORE 避免重复执行报错
-- ============================================================
INSERT IGNORE INTO sys_user (id, username, password, nickname, role, created_at) VALUES
(100, 'visitor_xiaoming', '$2a$10$N9qo8uLOickgx2ZMRZoMyeIjZAgcfl7p92ldGxad68LJZdL17lhWy', '小明', 'user', '2026-05-01 08:00:00'),
(101, 'visitor_xiaohong', '$2a$10$N9qo8uLOickgx2ZMRZoMyeIjZAgcfl7p92ldGxad68LJZdL17lhWy', '小红', 'user', '2026-05-02 09:30:00'),
(102, 'visitor_xiaoli',   '$2a$10$N9qo8uLOickgx2ZMRZoMyeIjZAgcfl7p92ldGxad68LJZdL17lhWy', '小李', 'user', '2026-05-03 10:15:00'),
(103, 'visitor_xiaozhang','$2a$10$N9qo8uLOickgx2ZMRZoMyeIjZAgcfl7p92ldGxad68LJZdL17lhWy', '小张', 'user', '2026-05-04 11:00:00'),
(104, 'visitor_xiaowang', '$2a$10$N9qo8uLOickgx2ZMRZoMyeIjZAgcfl7p92ldGxad68LJZdL17lhWy', '小王', 'user', '2026-05-05 14:20:00'),
(105, 'visitor_xiaoliu',  '$2a$10$N9qo8uLOickgx2ZMRZoMyeIjZAgcfl7p92ldGxad68LJZdL17lhWy', '小刘', 'user', '2026-05-06 16:45:00');

-- ============================================================
-- 2. 对话数据
-- 话题 ① 灵山大佛有多高？ —— 25 次
-- 话题 ② 拈花湾门票多少钱？ —— 20 次
-- 话题 ③ 梵宫有什么看点？ —— 18 次
-- 话题 ④ 景区开放时间是？ —— 15 次
-- 话题 ⑤ 怎么去灵山胜境？ —— 12 次
-- 话题 ⑥ 有没有推荐路线？ —— 8 次
-- 话题 ⑦ 附近有什么美食？ —— 5 次
-- 话题 ⑧ 可以带宠物吗？ —— 3 次
-- ============================================================

-- ==================== 话题①：灵山大佛有多高？(25条) ====================
INSERT IGNORE INTO conversation (id, user_id, title, created_at, updated_at) VALUES
(2001, 100, '灵山大佛有多高？', '2026-05-10 09:15:00', '2026-05-10 09:16:00'),
(2002, 101, '灵山大佛有多高？', '2026-05-10 14:30:00', '2026-05-10 14:31:00'),
(2003, 102, '灵山大佛有多高？', '2026-05-11 10:00:00', '2026-05-11 10:01:00'),
(2004, 103, '灵山大佛有多高？', '2026-05-11 16:20:00', '2026-05-11 16:21:00'),
(2005, 104, '灵山大佛有多高？', '2026-05-12 08:45:00', '2026-05-12 08:46:00'),
(2006, 105, '灵山大佛有多高？', '2026-05-12 13:10:00', '2026-05-12 13:11:00'),
(2007, 100, '灵山大佛有多高？', '2026-05-13 10:30:00', '2026-05-13 10:31:00'),
(2008, 101, '灵山大佛有多高？', '2026-05-14 09:00:00', '2026-05-14 09:01:00'),
(2009, 102, '灵山大佛有多高？', '2026-05-15 11:30:00', '2026-05-15 11:31:00'),
(2010, 103, '灵山大佛有多高？', '2026-05-16 15:00:00', '2026-05-16 15:01:00'),
(2011, 104, '灵山大佛有多高？', '2026-05-17 08:20:00', '2026-05-17 08:21:00'),
(2012, 105, '灵山大佛有多高？', '2026-05-18 10:45:00', '2026-05-18 10:46:00'),
(2013, 100, '灵山大佛有多高？', '2026-05-19 14:00:00', '2026-05-19 14:01:00'),
(2014, 101, '灵山大佛有多高？', '2026-05-20 09:30:00', '2026-05-20 09:31:00'),
(2015, 102, '灵山大佛有多高？', '2026-05-21 11:00:00', '2026-05-21 11:01:00'),
(2016, 103, '灵山大佛有多高？', '2026-05-22 16:30:00', '2026-05-22 16:31:00'),
(2017, 104, '灵山大佛有多高？', '2026-05-23 08:00:00', '2026-05-23 08:01:00'),
(2018, 105, '灵山大佛有多高？', '2026-05-24 13:20:00', '2026-05-24 13:21:00'),
(2019, 100, '灵山大佛有多高？', '2026-05-25 10:15:00', '2026-05-25 10:16:00'),
(2020, 101, '灵山大佛有多高？', '2026-06-01 09:00:00', '2026-06-01 09:01:00'),
(2021, 102, '灵山大佛有多高？', '2026-06-02 11:30:00', '2026-06-02 11:31:00'),
(2022, 103, '灵山大佛有多高？', '2026-06-03 14:00:00', '2026-06-03 14:01:00'),
(2023, 104, '灵山大佛有多高？', '2026-06-04 10:00:00', '2026-06-04 10:01:00'),
(2024, 105, '灵山大佛有多高？', '2026-06-05 15:30:00', '2026-06-05 15:31:00'),
(2025, 100, '灵山大佛有多高？', '2026-06-06 09:20:00', '2026-06-06 09:21:00');

-- ==================== 话题②：拈花湾门票多少钱？(20条) ====================
INSERT IGNORE INTO conversation (id, user_id, title, created_at, updated_at) VALUES
(2101, 101, '拈花湾门票多少钱？', '2026-05-10 10:00:00', '2026-05-10 10:01:00'),
(2102, 102, '拈花湾门票多少钱？', '2026-05-11 09:30:00', '2026-05-11 09:31:00'),
(2103, 103, '拈花湾门票多少钱？', '2026-05-12 14:00:00', '2026-05-12 14:01:00'),
(2104, 104, '拈花湾门票多少钱？', '2026-05-13 08:30:00', '2026-05-13 08:31:00'),
(2105, 105, '拈花湾门票多少钱？', '2026-05-13 16:00:00', '2026-05-13 16:01:00'),
(2106, 100, '拈花湾门票多少钱？', '2026-05-14 11:00:00', '2026-05-14 11:01:00'),
(2107, 101, '拈花湾门票多少钱？', '2026-05-15 10:30:00', '2026-05-15 10:31:00'),
(2108, 102, '拈花湾门票多少钱？', '2026-05-16 09:00:00', '2026-05-16 09:01:00'),
(2109, 103, '拈花湾门票多少钱？', '2026-05-17 14:30:00', '2026-05-17 14:31:00'),
(2110, 104, '拈花湾门票多少钱？', '2026-05-18 08:00:00', '2026-05-18 08:01:00'),
(2111, 105, '拈花湾门票多少钱？', '2026-05-19 15:00:00', '2026-05-19 15:01:00'),
(2112, 100, '拈花湾门票多少钱？', '2026-05-20 10:00:00', '2026-05-20 10:01:00'),
(2113, 101, '拈花湾门票多少钱？', '2026-05-22 09:30:00', '2026-05-22 09:31:00'),
(2114, 102, '拈花湾门票多少钱？', '2026-05-24 11:15:00', '2026-05-24 11:16:00'),
(2115, 103, '拈花湾门票多少钱？', '2026-05-26 14:45:00', '2026-05-26 14:46:00'),
(2116, 104, '拈花湾门票多少钱？', '2026-06-01 10:00:00', '2026-06-01 10:01:00'),
(2117, 105, '拈花湾门票多少钱？', '2026-06-02 09:30:00', '2026-06-02 09:31:00'),
(2118, 100, '拈花湾门票多少钱？', '2026-06-03 16:00:00', '2026-06-03 16:01:00'),
(2119, 101, '拈花湾门票多少钱？', '2026-06-05 10:30:00', '2026-06-05 10:31:00'),
(2120, 102, '拈花湾门票多少钱？', '2026-06-06 14:00:00', '2026-06-06 14:01:00');

-- ==================== 话题③：梵宫有什么看点？(18条) ====================
INSERT IGNORE INTO conversation (id, user_id, title, created_at, updated_at) VALUES
(2201, 102, '梵宫有什么看点？', '2026-05-11 10:30:00', '2026-05-11 10:31:00'),
(2202, 103, '梵宫有什么看点？', '2026-05-12 11:00:00', '2026-05-12 11:01:00'),
(2203, 104, '梵宫有什么看点？', '2026-05-13 09:30:00', '2026-05-13 09:31:00'),
(2204, 105, '梵宫有什么看点？', '2026-05-14 10:00:00', '2026-05-14 10:01:00'),
(2205, 100, '梵宫有什么看点？', '2026-05-15 08:30:00', '2026-05-15 08:31:00'),
(2206, 101, '梵宫有什么看点？', '2026-05-16 13:00:00', '2026-05-16 13:01:00'),
(2207, 102, '梵宫有什么看点？', '2026-05-17 10:00:00', '2026-05-17 10:01:00'),
(2208, 103, '梵宫有什么看点？', '2026-05-18 15:30:00', '2026-05-18 15:31:00'),
(2209, 104, '梵宫有什么看点？', '2026-05-19 09:00:00', '2026-05-19 09:01:00'),
(2210, 105, '梵宫有什么看点？', '2026-05-20 14:00:00', '2026-05-20 14:01:00'),
(2211, 100, '梵宫有什么看点？', '2026-05-22 10:30:00', '2026-05-22 10:31:00'),
(2212, 101, '梵宫有什么看点？', '2026-05-24 09:00:00', '2026-05-24 09:01:00'),
(2213, 102, '梵宫有什么看点？', '2026-05-26 14:00:00', '2026-05-26 14:01:00'),
(2214, 103, '梵宫有什么看点？', '2026-05-28 11:30:00', '2026-05-28 11:31:00'),
(2215, 104, '梵宫有什么看点？', '2026-06-01 14:00:00', '2026-06-01 14:01:00'),
(2216, 105, '梵宫有什么看点？', '2026-06-02 10:00:00', '2026-06-02 10:01:00'),
(2217, 100, '梵宫有什么看点？', '2026-06-04 15:00:00', '2026-06-04 15:01:00'),
(2218, 101, '梵宫有什么看点？', '2026-06-06 11:00:00', '2026-06-06 11:01:00');

-- ==================== 话题④：景区开放时间是？(15条) ====================
INSERT IGNORE INTO conversation (id, user_id, title, created_at, updated_at) VALUES
(2301, 103, '景区开放时间是？', '2026-05-12 08:00:00', '2026-05-12 08:01:00'),
(2302, 104, '景区开放时间是？', '2026-05-13 07:30:00', '2026-05-13 07:31:00'),
(2303, 105, '景区开放时间是？', '2026-05-14 08:15:00', '2026-05-14 08:16:00'),
(2304, 100, '景区开放时间是？', '2026-05-15 09:00:00', '2026-05-15 09:01:00'),
(2305, 101, '景区开放时间是？', '2026-05-16 07:45:00', '2026-05-16 07:46:00'),
(2306, 102, '景区开放时间是？', '2026-05-18 08:30:00', '2026-05-18 08:31:00'),
(2307, 103, '景区开放时间是？', '2026-05-20 07:00:00', '2026-05-20 07:01:00'),
(2308, 104, '景区开放时间是？', '2026-05-22 09:15:00', '2026-05-22 09:16:00'),
(2309, 105, '景区开放时间是？', '2026-05-24 08:00:00', '2026-05-24 08:01:00'),
(2310, 100, '景区开放时间是？', '2026-05-26 07:30:00', '2026-05-26 07:31:00'),
(2311, 101, '景区开放时间是？', '2026-05-28 09:00:00', '2026-05-28 09:01:00'),
(2312, 102, '景区开放时间是？', '2026-06-01 08:00:00', '2026-06-01 08:01:00'),
(2313, 103, '景区开放时间是？', '2026-06-03 07:15:00', '2026-06-03 07:16:00'),
(2314, 104, '景区开放时间是？', '2026-06-05 08:30:00', '2026-06-05 08:31:00'),
(2315, 105, '景区开放时间是？', '2026-06-06 07:45:00', '2026-06-06 07:46:00');

-- ==================== 话题⑤：怎么去灵山胜境？(12条) ====================
INSERT IGNORE INTO conversation (id, user_id, title, created_at, updated_at) VALUES
(2401, 104, '怎么去灵山胜境？', '2026-05-13 10:00:00', '2026-05-13 10:01:00'),
(2402, 105, '怎么去灵山胜境？', '2026-05-15 09:30:00', '2026-05-15 09:31:00'),
(2403, 100, '怎么去灵山胜境？', '2026-05-17 11:00:00', '2026-05-17 11:01:00'),
(2404, 101, '怎么去灵山胜境？', '2026-05-19 10:30:00', '2026-05-19 10:31:00'),
(2405, 102, '怎么去灵山胜境？', '2026-05-21 14:00:00', '2026-05-21 14:01:00'),
(2406, 103, '怎么去灵山胜境？', '2026-05-23 08:30:00', '2026-05-23 08:31:00'),
(2407, 104, '怎么去灵山胜境？', '2026-05-25 15:00:00', '2026-05-25 15:01:00'),
(2408, 105, '怎么去灵山胜境？', '2026-05-27 10:00:00', '2026-05-27 10:01:00'),
(2409, 100, '怎么去灵山胜境？', '2026-06-01 09:30:00', '2026-06-01 09:31:00'),
(2410, 101, '怎么去灵山胜境？', '2026-06-02 15:00:00', '2026-06-02 15:01:00'),
(2411, 102, '怎么去灵山胜境？', '2026-06-04 10:30:00', '2026-06-04 10:31:00'),
(2412, 103, '怎么去灵山胜境？', '2026-06-06 14:00:00', '2026-06-06 14:01:00');

-- ==================== 话题⑥：有没有推荐路线？(8条) ====================
INSERT IGNORE INTO conversation (id, user_id, title, created_at, updated_at) VALUES
(2501, 105, '有没有推荐路线？', '2026-05-14 10:30:00', '2026-05-14 10:31:00'),
(2502, 100, '有没有推荐路线？', '2026-05-16 14:00:00', '2026-05-16 14:01:00'),
(2503, 101, '有没有推荐路线？', '2026-05-19 09:00:00', '2026-05-19 09:01:00'),
(2504, 102, '有没有推荐路线？', '2026-05-22 16:00:00', '2026-05-22 16:01:00'),
(2505, 103, '有没有推荐路线？', '2026-05-25 11:00:00', '2026-05-25 11:01:00'),
(2506, 104, '有没有推荐路线？', '2026-05-28 14:30:00', '2026-05-28 14:31:00'),
(2507, 105, '有没有推荐路线？', '2026-06-03 10:00:00', '2026-06-03 10:01:00'),
(2508, 100, '有没有推荐路线？', '2026-06-06 16:00:00', '2026-06-06 16:01:00');

-- ==================== 话题⑦：附近有什么美食？(5条) ====================
INSERT IGNORE INTO conversation (id, user_id, title, created_at, updated_at) VALUES
(2601, 100, '附近有什么美食？', '2026-05-18 12:00:00', '2026-05-18 12:01:00'),
(2602, 101, '附近有什么美食？', '2026-05-22 12:30:00', '2026-05-22 12:31:00'),
(2603, 102, '附近有什么美食？', '2026-05-27 11:45:00', '2026-05-27 11:46:00'),
(2604, 103, '附近有什么美食？', '2026-06-02 12:15:00', '2026-06-02 12:16:00'),
(2605, 104, '附近有什么美食？', '2026-06-06 11:30:00', '2026-06-06 11:31:00');

-- ==================== 话题⑧：可以带宠物吗？(3条) ====================
INSERT IGNORE INTO conversation (id, user_id, title, created_at, updated_at) VALUES
(2701, 105, '可以带宠物吗？', '2026-05-20 10:00:00', '2026-05-20 10:01:00'),
(2702, 100, '可以带宠物吗？', '2026-05-28 09:30:00', '2026-05-28 09:31:00'),
(2703, 101, '可以带宠物吗？', '2026-06-05 15:00:00', '2026-06-05 15:01:00');

-- ============================================================
-- 3. 消息数据
-- 每条对话对应 2 条消息：user（问题）+ assistant（回答）
-- ============================================================

-- ==================== 话题① 消息 (25条对话 × 2 = 50条消息) ====================
INSERT IGNORE INTO message (id, conversation_id, role, content, created_at) VALUES
(30001, 2001, 'user', '灵山大佛有多高？', '2026-05-10 09:15:00'),
(30002, 2001, 'assistant', '灵山大佛通高88米，加上三层基座总高约101.5米，重约725吨，是世界最高的露天青铜释迦牟尼立像。您可以登上佛脚平台抱佛脚，俯瞰太湖全景。', '2026-05-10 09:15:30'),
(30003, 2002, 'user', '灵山大佛有多高？', '2026-05-10 14:30:00'),
(30004, 2002, 'assistant', '灵山大佛通高88米，基座高13.5米，总高101.5米，由725吨青铜铸成。大佛右手"施无畏印"象征布施无畏，左手"施与愿印"象征圆满众生愿望。', '2026-05-10 14:30:35'),
(30005, 2003, 'user', '灵山大佛有多高？', '2026-05-11 10:00:00'),
(30006, 2003, 'assistant', '灵山大佛通高88米，总高101.5米，重725吨，用铜量相当于建造5架波音747客机。大佛屹立于灵山之巅，面朝太湖，庄严肃穆。', '2026-05-11 10:00:40'),
(30007, 2004, 'user', '灵山大佛有多高？', '2026-05-11 16:20:00'),
(30008, 2004, 'assistant', '灵山大佛通高88米，加上三层金刚基座总高达101.5米，是目前世界上最高的露天青铜立像。大佛所在位置是灵山胜境的核心区域。', '2026-05-11 16:20:35'),
(30009, 2005, 'user', '灵山大佛有多高？', '2026-05-12 08:45:00'),
(30010, 2005, 'assistant', '灵山大佛通高88米，总高101.5米，比四川乐山大佛（71米）高出17米多，是世界上最高的露天青铜释迦牟尼立像。', '2026-05-12 08:45:30'),
(30011, 2006, 'user', '灵山大佛有多高？', '2026-05-12 13:10:00'),
(30012, 2006, 'assistant', '灵山大佛通高88米，三层基座13.5米，总高101.5米。大佛由2320块青铜板拼接而成，焊缝总长度达35公里。', '2026-05-12 13:10:40'),
(30013, 2007, 'user', '灵山大佛有多高？', '2026-05-13 10:30:00'),
(30014, 2007, 'assistant', '灵山大佛通高88米，总高101.5米，重725吨。大佛右手"施无畏印"，左手"施与愿印"，在阳光下熠熠生辉，数公里外可见。', '2026-05-13 10:30:35'),
(30015, 2008, 'user', '灵山大佛有多高？', '2026-05-14 09:00:00'),
(30016, 2008, 'assistant', '灵山大佛高达88米，加上基座总高101.5米，是江南地区最高的佛像。大佛面部鎏金处理，慈悲庄严，令人心生敬畏。', '2026-05-14 09:00:30'),
(30017, 2009, 'user', '灵山大佛有多高？', '2026-05-15 11:30:00'),
(30018, 2009, 'assistant', '灵山大佛通高88米，总高101.5米，用铜725吨。大佛直径6米的莲花座由108片莲花瓣组成，每片花瓣都经过精密铸造。', '2026-05-15 11:30:40'),
(30019, 2010, 'user', '灵山大佛有多高？', '2026-05-16 15:00:00'),
(30020, 2010, 'assistant', '灵山大佛通高88米，总高101.5米，重约725吨。大佛内部设有电梯和楼梯，游客可登至佛脚平台抱佛脚祈福。', '2026-05-16 15:00:35'),
(30021, 2011, 'user', '灵山大佛有多高？', '2026-05-17 08:20:00'),
(30022, 2011, 'assistant', '灵山大佛通高88米，总高101.5米，重725吨。大佛造型庄严慈祥，被誉为"东方大佛"，是灵山胜境的标志性景观。', '2026-05-17 08:20:30'),
(30023, 2012, 'user', '灵山大佛有多高？', '2026-05-18 10:45:00'),
(30024, 2012, 'assistant', '灵山大佛通高88米，加上基座总高101.5米，由725吨青铜铸造而成。大佛的耳朵高约3米，手掌直径约5米，气势恢宏。', '2026-05-18 10:45:40'),
(30025, 2013, 'user', '灵山大佛有多高？', '2026-05-19 14:00:00'),
(30026, 2013, 'assistant', '灵山大佛通高88米，总高101.5米。大佛面朝太湖，背靠灵山，日夜守护着这片净土，是华东地区最著名的佛教文化地标之一。', '2026-05-19 14:00:35'),
(30027, 2014, 'user', '灵山大佛有多高？', '2026-05-20 09:30:00'),
(30028, 2014, 'assistant', '灵山大佛通高88米，总高101.5米，重725吨。大佛的莲花座直径约8米，由108片莲花瓣分两层排列，工艺精湛。', '2026-05-20 09:30:30'),
(30029, 2015, 'user', '灵山大佛有多高？', '2026-05-21 11:00:00'),
(30030, 2015, 'assistant', '灵山大佛通高88米，总高101.5米。大佛手印分别为"施无畏印"和"施与愿印"，象征着给予众生勇气和满足愿望。', '2026-05-21 11:00:40'),
(30031, 2016, 'user', '灵山大佛有多高？', '2026-05-22 16:30:00'),
(30032, 2016, 'assistant', '灵山大佛通高88米，总高101.5米，比香港天坛大佛（34米）高出近三倍，是世界上最高的露天青铜坐佛。', '2026-05-22 16:30:35'),
(30033, 2017, 'user', '灵山大佛有多高？', '2026-05-23 08:00:00'),
(30034, 2017, 'assistant', '灵山大佛通高88米，总高101.5米，重725吨。整座大佛由2320块铜板焊接而成，焊缝总长35公里，是一座现代铸造工艺的杰作。', '2026-05-23 08:00:30'),
(30035, 2018, 'user', '灵山大佛有多高？', '2026-05-24 13:20:00'),
(30036, 2018, 'assistant', '灵山大佛通高88米，总高101.5米，大佛的每根手指长约3米，指甲盖约有一个成人手掌大小，气势磅礴。', '2026-05-24 13:20:40'),
(30037, 2019, 'user', '灵山大佛有多高？', '2026-05-25 10:15:00'),
(30038, 2019, 'assistant', '灵山大佛通高88米，总高101.5米。大佛建于1997年，由原中国佛教协会会长赵朴初先生倡导兴建，已成为无锡的城市名片。', '2026-05-25 10:15:35'),
(30039, 2020, 'user', '灵山大佛有多高？', '2026-06-01 09:00:00'),
(30040, 2020, 'assistant', '灵山大佛通高88米，总高101.5米，是世界最高的露天青铜释迦牟尼立像。大佛体态庄严，法相慈悲，是灵山胜境必看的核心景点。', '2026-06-01 09:00:30'),
(30041, 2021, 'user', '灵山大佛有多高？', '2026-06-02 11:30:00'),
(30042, 2021, 'assistant', '灵山大佛通高88米，总高101.5米。大佛所在的灵山胜境是国家5A级旅游景区，每年吸引数百万游客前来朝圣观光。', '2026-06-02 11:30:40'),
(30043, 2022, 'user', '灵山大佛有多高？', '2026-06-03 14:00:00'),
(30044, 2022, 'assistant', '灵山大佛通高88米，总高101.5米，重725吨。大佛位于灵山之巅，登临佛脚平台可360度俯瞰太湖风光和灵山全景。', '2026-06-03 14:00:35'),
(30045, 2023, 'user', '灵山大佛有多高？', '2026-06-04 10:00:00'),
(30046, 2023, 'assistant', '灵山大佛通高88米，总高度101.5米。大佛的面部表情慈祥庄严，眼神低垂，仿佛在俯视众生、普度一切。', '2026-06-04 10:00:30'),
(30047, 2024, 'user', '灵山大佛有多高？', '2026-06-05 15:30:00'),
(30048, 2024, 'assistant', '灵山大佛通高88米，总高101.5米。大佛莲花座下的金刚基座为三层结构，内设佛教文化博览馆，展示丰富的佛教文物。', '2026-06-05 15:30:40'),
(30049, 2025, 'user', '灵山大佛有多高？', '2026-06-06 09:20:00'),
(30050, 2025, 'assistant', '灵山大佛通高88米，总高101.5米。大佛整体造型依据佛教经典仪轨设计，从相好、手印到衣纹都蕴含着深厚的佛教文化内涵。', '2026-06-06 09:20:35');

-- ==================== 话题② 消息 (20条对话 × 2 = 40条消息) ====================
INSERT IGNORE INTO message (id, conversation_id, role, content, created_at) VALUES
(30101, 2101, 'user', '拈花湾门票多少钱？', '2026-05-10 10:00:00'),
(30102, 2101, 'assistant', '拈花湾单景区门票120元/人，灵山胜境+拈花湾联票200元/人，均含景区内所有景点参观。建议提前在网上预订，有优惠折扣。', '2026-05-10 10:00:35'),
(30103, 2102, 'user', '拈花湾门票多少钱？', '2026-05-11 09:30:00'),
(30104, 2102, 'assistant', '拈花湾门票120元/人，联票200元/人。60岁以上老人和1.4米以下儿童有半价优惠，6岁以下儿童免票。', '2026-05-11 09:30:40'),
(30105, 2103, 'user', '拈花湾门票多少钱？', '2026-05-12 14:00:00'),
(30106, 2103, 'assistant', '拈花湾门票120元，联票200元。建议购买联票更划算，可以一天内游览灵山胜境和拈花湾两个景区。', '2026-05-12 14:00:35'),
(30107, 2104, 'user', '拈花湾门票多少钱？', '2026-05-13 08:30:00'),
(30108, 2104, 'assistant', '拈花湾景区门票120元/人，开放时间9:00-21:30。拈花湾的夜景非常美，建议下午入园一直玩到晚上看灯光秀。', '2026-05-13 08:30:30'),
(30109, 2105, 'user', '拈花湾门票多少钱？', '2026-05-13 16:00:00'),
(30110, 2105, 'assistant', '拈花湾门票120元/人。拈花湾是禅意主题小镇，里面有很多特色体验项目，如抄经、禅茶、手作等，部分项目需另外收费。', '2026-05-13 16:00:40'),
(30111, 2106, 'user', '拈花湾门票多少钱？', '2026-05-14 11:00:00'),
(30112, 2106, 'assistant', '拈花湾门票120元/人。景区内的香月花街有很多特色小吃和文创店，可以逛上半天，整体性价比较高。', '2026-05-14 11:00:35'),
(30113, 2107, 'user', '拈花湾门票多少钱？', '2026-05-15 10:30:00'),
(30114, 2107, 'assistant', '拈花湾门票120元，联票200元。拈花湾距离灵山胜境约3公里，两个景区之间有免费接驳车，游览非常方便。', '2026-05-15 10:30:30'),
(30115, 2108, 'user', '拈花湾门票多少钱？', '2026-05-16 09:00:00'),
(30116, 2108, 'assistant', '拈花湾门票120元/人，网上预订通常有10-20元优惠。建议关注官方公众号获取最新优惠活动信息。', '2026-05-16 09:00:40'),
(30117, 2109, 'user', '拈花湾门票多少钱？', '2026-05-17 14:30:00'),
(30118, 2109, 'assistant', '拈花湾门票120元/人。拈花湾的"禅行"夜游灯光秀非常出名，包含在门票内不另外收费，强烈推荐体验。', '2026-05-17 14:30:35'),
(30119, 2110, 'user', '拈花湾门票多少钱？', '2026-05-18 08:00:00'),
(30120, 2110, 'assistant', '拈花湾门票120元。学生证、军官证等有效证件可享优惠票价，具体优惠政策以景区当日公告为准。', '2026-05-18 08:00:30'),
(30121, 2111, 'user', '拈花湾门票多少钱？', '2026-05-19 15:00:00'),
(30122, 2111, 'assistant', '拈花湾门票120元/人。景区周边有多个停车场，自驾游客停车方便，停车费约10元/次。', '2026-05-19 15:00:40'),
(30123, 2112, 'user', '拈花湾门票多少钱？', '2026-05-20 10:00:00'),
(30124, 2112, 'assistant', '拈花湾门票120元/人，联票200元/人。拈花湾的梵天花海和五灯湖是必打卡景点，四季都有不同花卉盛开。', '2026-05-20 10:00:35'),
(30125, 2113, 'user', '拈花湾门票多少钱？', '2026-05-22 09:30:00'),
(30126, 2113, 'assistant', '拈花湾门票120元/人。节假日和周末游客较多，建议提前网上购票预约，避免排队等候。', '2026-05-22 09:30:30'),
(30127, 2114, 'user', '拈花湾门票多少钱？', '2026-05-24 11:15:00'),
(30128, 2114, 'assistant', '拈花湾门票120元/人，联票200元/人。拈花湾的香月花街长约800米，街上有各种非遗手作和地道美食，值得一逛。', '2026-05-24 11:15:40'),
(30129, 2115, 'user', '拈花湾门票多少钱？', '2026-05-26 14:45:00'),
(30130, 2115, 'assistant', '拈花湾门票120元/人。拈花堂提供免费禅坐体验，抄经等活动需提前预约，是感受禅意生活的好去处。', '2026-05-26 14:45:35'),
(30131, 2116, 'user', '拈花湾门票多少钱？', '2026-06-01 10:00:00'),
(30132, 2116, 'assistant', '拈花湾门票120元/人，联票200元更划算。两个景区各有特色，建议安排一整天时间深度游览。', '2026-06-01 10:00:30'),
(30133, 2117, 'user', '拈花湾门票多少钱？', '2026-06-02 09:30:00'),
(30134, 2117, 'assistant', '拈花湾门票120元/人。拈花湾禅意小镇的建筑风格融合了唐风宋韵和日式禅意，拍照非常出片。', '2026-06-02 09:30:40'),
(30135, 2118, 'user', '拈花湾门票多少钱？', '2026-06-03 16:00:00'),
(30136, 2118, 'assistant', '拈花湾门票120元/人。拈花湾的鹿鸣谷是最静谧的区域，植被覆盖率达90%以上，适合漫步放松身心。', '2026-06-03 16:00:35'),
(30137, 2119, 'user', '拈花湾门票多少钱？', '2026-06-05 10:30:00'),
(30138, 2119, 'assistant', '拈花湾门票120元。景区内五灯湖的夜间灯光秀《禅行》是核心体验项目，运用水幕、光影等技术，非常震撼。', '2026-06-05 10:30:30'),
(30139, 2120, 'user', '拈花湾门票多少钱？', '2026-06-06 14:00:00'),
(30140, 2120, 'assistant', '拈花湾门票120元/人。建议穿舒适的鞋子游览，整个景区较大，步行游览约需3-4小时，也可以乘坐景区电瓶车。', '2026-06-06 14:00:40');

-- ==================== 话题③ 消息 (18条对话 × 2 = 36条消息) ====================
INSERT IGNORE INTO message (id, conversation_id, role, content, created_at) VALUES
(30201, 2201, 'user', '梵宫有什么看点？', '2026-05-11 10:30:00'),
(30202, 2201, 'assistant', '梵宫被誉为"东方卢浮宫"，建筑面积7.2万平方米。核心看点包括：华藏世界（琉璃壁画）、廊厅（东阳木雕群）、圣坛（大型佛教情境演出）等。', '2026-05-11 10:30:40'),
(30203, 2202, 'user', '梵宫有什么看点？', '2026-05-12 11:00:00'),
(30204, 2202, 'assistant', '梵宫汇集了东阳木雕、敦煌壁画、琉璃艺术、扬州漆器等众多国家级非遗工艺，每一处都是艺术精品。特别是华藏世界的琉璃壁画堪称一绝。', '2026-05-12 11:00:35'),
(30205, 2203, 'user', '梵宫有什么看点？', '2026-05-13 09:30:00'),
(30206, 2203, 'assistant', '梵宫是世界佛教论坛永久会址，内部有五大明点：①华藏世界琉璃壁画 ②廊厅东阳木雕 ③圣坛《灵山吉祥颂》 ④珍宝馆 ⑤千人宴会厅。', '2026-05-13 09:30:30'),
(30207, 2204, 'user', '梵宫有什么看点？', '2026-05-14 10:00:00'),
(30208, 2204, 'assistant', '梵宫的圣坛每天定时上演《灵山吉祥颂》大型情境演出，运用声光电技术展现佛国世界的庄严与美好，约30分钟，非常震撼。', '2026-05-14 10:00:40'),
(30209, 2205, 'user', '梵宫有什么看点？', '2026-05-15 08:30:00'),
(30210, 2205, 'assistant', '梵宫的廊厅全长约200米，两侧陈列着精美的东阳木雕，雕刻佛教故事、飞天和吉祥图案，入选吉尼斯世界纪录。', '2026-05-15 08:30:35'),
(30211, 2206, 'user', '梵宫有什么看点？', '2026-05-16 13:00:00'),
(30212, 2206, 'assistant', '梵宫珍宝馆收藏了众多佛教珍贵文物，包括金佛、玉佛、唐卡等，其中不少是海内外信众捐赠的稀世珍宝。', '2026-05-16 13:00:30'),
(30213, 2207, 'user', '梵宫有什么看点？', '2026-05-17 10:00:00'),
(30214, 2207, 'assistant', '梵宫的建筑本身就是一大看点：顶部采用青铜莲花造型，外立面融合中西建筑风格，内部穹顶绘有精美壁画，气势恢宏。', '2026-05-17 10:00:40'),
(30215, 2208, 'user', '梵宫有什么看点？', '2026-05-18 15:30:00'),
(30216, 2208, 'assistant', '梵宫每天11:00和14:00有免费讲解服务，跟着讲解员游览可以深入了解每件艺术品背后的文化内涵，建议安排在此时间段参观。', '2026-05-18 15:30:35'),
(30217, 2209, 'user', '梵宫有什么看点？', '2026-05-19 09:00:00'),
(30218, 2209, 'assistant', '梵宫的华藏世界以大型琉璃壁画呈现佛国净土的壮丽景象，长 80 米、高 8 米，由数万片琉璃拼接而成，色彩绚丽，叹为观止。', '2026-05-19 09:00:30'),
(30219, 2210, 'user', '梵宫有什么看点？', '2026-05-20 14:00:00'),
(30220, 2210, 'assistant', '梵宫内的水晶宝塔高 6 米，镶嵌各种宝石，是信徒捐赠的珍贵法物。还有千人宴会厅可举办大型活动，金碧辉煌，气势非凡。', '2026-05-20 14:00:40'),
(30221, 2211, 'user', '梵宫有什么看点？', '2026-05-22 10:30:00'),
(30222, 2211, 'assistant', '梵宫的敦煌壁画临摹品也是重要看点，汇集了莫高窟的精华壁画，在江南就能欣赏到敦煌艺术的神韵。', '2026-05-22 10:30:35'),
(30223, 2212, 'user', '梵宫有什么看点？', '2026-05-24 09:00:00'),
(30224, 2212, 'assistant', '梵宫的五百罗汉木雕群像，由东阳木雕大师历时三年完成，每尊罗汉神态各异、栩栩如生，是不可多得的艺术珍品。', '2026-05-24 09:00:30'),
(30225, 2213, 'user', '梵宫有什么看点？', '2026-05-26 14:00:00'),
(30226, 2213, 'assistant', '梵宫建议游览时间约 1.5 小时，如果观看《灵山吉祥颂》表演需要多加 30 分钟。注意进入梵宫需穿戴文明，部分区域禁止拍照。', '2026-05-26 14:00:40'),
(30227, 2214, 'user', '梵宫有什么看点？', '2026-05-28 11:30:00'),
(30228, 2214, 'assistant', '梵宫被誉为灵山胜境"瑰宝中的瑰宝"，整体建筑融合了印度佛教、藏传佛教和汉传佛教三种建筑风格，体现了佛教文化的包容与和谐。', '2026-05-28 11:30:35'),
(30229, 2215, 'user', '梵宫有什么看点？', '2026-06-01 14:00:00'),
(30230, 2215, 'assistant', '梵宫内有一面巨大的琉璃浮雕墙，描绘了佛陀从诞生到涅槃的完整生平故事，色彩层次丰富，具有极高的艺术价值。', '2026-06-01 14:00:30'),
(30231, 2216, 'user', '梵宫有什么看点？', '2026-06-02 10:00:00'),
(30232, 2216, 'assistant', '梵宫内部的灯具也是一大特色，数百盏形态各异的莲花灯和水晶灯将整个空间装点得如梦如幻，营造出佛国世界的神圣氛围。', '2026-06-02 10:00:40'),
(30233, 2217, 'user', '梵宫有什么看点？', '2026-06-04 15:00:00'),
(30234, 2217, 'assistant', '梵宫二层的"妙音堂"定期有梵呗表演，聆听佛乐梵音，感受心灵的宁静与祥和，是深度体验佛教文化的好机会。', '2026-06-04 15:00:35'),
(30235, 2218, 'user', '梵宫有什么看点？', '2026-06-06 11:00:00'),
(30236, 2218, 'assistant', '梵宫正门的青铜莲花门饰，每扇门上刻有不同的佛教吉祥图案，工艺极为精湛，入馆前不妨驻足欣赏这些细节之美。', '2026-06-06 11:00:30');

-- ==================== 话题④ 消息 (15条对话 × 2 = 30条消息) ====================
INSERT IGNORE INTO message (id, conversation_id, role, content, created_at) VALUES
(30301, 2301, 'user', '景区开放时间是？', '2026-05-12 08:00:00'),
(30302, 2301, 'assistant', '灵山胜境开放时间 8:00-17:00，拈花湾开放时间 9:00-21:30。建议上午先游览灵山胜境，下午前往拈花湾体验夜景。', '2026-05-12 08:00:35'),
(30303, 2302, 'user', '景区开放时间是？', '2026-05-13 07:30:00'),
(30304, 2302, 'assistant', '灵山胜境 8:00-17:00，拈花湾 9:00-21:30。拈花湾的夜景非常漂亮，建议安排下午去拈花湾，一直待到晚上看灯光秀。', '2026-05-13 07:30:30'),
(30305, 2303, 'user', '景区开放时间是？', '2026-05-14 08:15:00'),
(30306, 2303, 'assistant', '灵山胜境开放时间 8:00-17:00，16:00停止入场。拈花湾 9:00-21:30，20:30停止入场。请注意安排好游览时间。', '2026-05-14 08:15:40'),
(30307, 2304, 'user', '景区开放时间是？', '2026-05-15 09:00:00'),
(30308, 2304, 'assistant', '灵山胜境 8:00-17:00，拈花湾 9:00-21:30。两个景区相距约 3 公里，有免费接驳车往返，运营时间与景区开放时间同步。', '2026-05-15 09:00:35'),
(30309, 2305, 'user', '景区开放时间是？', '2026-05-16 07:45:00'),
(30310, 2305, 'assistant', '灵山胜境开放时间 8:00-17:00，拈花湾 9:00-21:30。建议早上去灵山胜境，中午休息后下午去拈花湾游览并看夜景。', '2026-05-16 07:45:30'),
(30311, 2306, 'user', '景区开放时间是？', '2026-05-18 08:30:00'),
(30312, 2306, 'assistant', '灵山胜境 8:00-17:00，拈花湾 9:00-21:30。节假日期间可能会延长开放时间，建议关注官方公告获取最新信息。', '2026-05-18 08:30:40'),
(30313, 2307, 'user', '景区开放时间是？', '2026-05-20 07:00:00'),
(30314, 2307, 'assistant', '灵山胜境 8:00-17:00，拈花湾 9:00-21:30。九龙灌浴表演时间：10:00、11:30、13:30、15:00，每场约 20 分钟。', '2026-05-20 07:00:35'),
(30315, 2308, 'user', '景区开放时间是？', '2026-05-22 09:15:00'),
(30316, 2308, 'assistant', '灵山胜境 8:00-17:00。建议至少留出 4-6 小时游览灵山胜境，半天时间游览拈花湾，两个景区各需半天。', '2026-05-22 09:15:30'),
(30317, 2309, 'user', '景区开放时间是？', '2026-05-24 08:00:00'),
(30318, 2309, 'assistant', '灵山胜境 8:00-17:00，拈花湾 9:00-21:30。拈花湾的《禅行》灯光秀一般在 19:00 开始，具体时间以当日公告为准。', '2026-05-24 08:00:40'),
(30319, 2310, 'user', '景区开放时间是？', '2026-05-26 07:30:00'),
(30320, 2310, 'assistant', '灵山胜境 8:00-17:00，建议早点到可以在人少的时候参观灵山大佛和梵宫，体验更佳。', '2026-05-26 07:30:35'),
(30321, 2311, 'user', '景区开放时间是？', '2026-05-28 09:00:00'),
(30322, 2311, 'assistant', '灵山胜境 8:00-17:00，拈花湾 9:00-21:30。两个景区都有电瓶车服务，拈花湾还有小火车，适合带老人和小孩的游客。', '2026-05-28 09:00:30'),
(30323, 2312, 'user', '景区开放时间是？', '2026-06-01 08:00:00'),
(30324, 2312, 'assistant', '灵山胜境 8:00-17:00，拈花湾 9:00-21:30。下雨天部分室外表演可能取消，建议出行前查看天气预报。', '2026-06-01 08:00:40'),
(30325, 2313, 'user', '景区开放时间是？', '2026-06-03 07:15:00'),
(30326, 2313, 'assistant', '灵山胜境 8:00-17:00。景区入口处有行李寄存服务，方便远道而来的游客轻装游览。', '2026-06-03 07:15:35'),
(30327, 2314, 'user', '景区开放时间是？', '2026-06-05 08:30:00'),
(30328, 2314, 'assistant', '灵山胜境 8:00-17:00，拈花湾 9:00-21:30。拈花湾周末和节假日常有特色活动，如禅茶雅集、花朝节等，可留意官方活动排期。', '2026-06-05 08:30:30'),
(30329, 2315, 'user', '景区开放时间是？', '2026-06-06 07:45:00'),
(30330, 2315, 'assistant', '灵山胜境 8:00-17:00，拈花湾 9:00-21:30。建议购买联票 200 元，一天内畅游两个景区，性价比最高。', '2026-06-06 07:45:40');

-- ==================== 话题⑤ 消息 (12条对话 × 2 = 24条消息) ====================
INSERT IGNORE INTO message (id, conversation_id, role, content, created_at) VALUES
(30401, 2401, 'user', '怎么去灵山胜境？', '2026-05-13 10:00:00'),
(30402, 2401, 'assistant', '自驾：导航至"灵山胜境景区"，沪宁高速无锡北出口下，沿太湖大道直行约 30 分钟即达。高铁：无锡站/无锡东站下车后换乘公交或打车约 40 分钟。', '2026-05-13 10:00:40'),
(30403, 2402, 'user', '怎么去灵山胜境？', '2026-05-15 09:30:00'),
(30404, 2402, 'assistant', '无锡火车站有直达灵山胜境的旅游专线巴士，票价 15 元，车程约 50 分钟。也可以乘坐地铁 1 号线到"无锡火车站"转公交 88/89 路。', '2026-05-15 09:30:35'),
(30405, 2403, 'user', '怎么去灵山胜境？', '2026-05-17 11:00:00'),
(30406, 2403, 'assistant', '自驾最方便，景区有大型停车场，小车 10 元/次。从无锡市区出发走环太湖公路（S230），沿途风景优美，约 30 公里。', '2026-05-17 11:00:30'),
(30407, 2404, 'user', '怎么去灵山胜境？', '2026-05-19 10:30:00'),
(30408, 2404, 'assistant', '乘坐公交 88 路（无锡火车站→灵山胜境）或 89 路，全程约 1 小时。打车从市区到景区约 80-100 元。', '2026-05-19 10:30:40'),
(30409, 2405, 'user', '怎么去灵山胜境？', '2026-05-21 14:00:00'),
(30410, 2405, 'assistant', '景区距无锡市区约 25 公里，距苏州约 40 公里，距上海约 150 公里。长三角地区自驾非常方便，导航直接搜"灵山胜境"即可。', '2026-05-21 14:00:35'),
(30411, 2406, 'user', '怎么去灵山胜境？', '2026-05-23 08:30:00'),
(30412, 2406, 'assistant', '如乘坐高铁到"无锡站"，出站后右转至公交枢纽站，乘坐旅游专线"乐游 2 号线"可直达灵山胜境，票价 15 元，每 30 分钟一班。', '2026-05-23 08:30:30'),
(30413, 2407, 'user', '怎么去灵山胜境？', '2026-05-25 15:00:00'),
(30414, 2407, 'assistant', '无锡硕放机场到灵山胜境约 40 公里，打车约 50 分钟、120 元左右。也可乘坐机场大巴到市区后转乘公交 88 路。', '2026-05-25 15:00:40'),
(30415, 2408, 'user', '怎么去灵山胜境？', '2026-05-27 10:00:00'),
(30416, 2408, 'assistant', '拈花湾与灵山胜境相距约 3 公里，两个景区之间有免费接驳车，运营时间为 9:00-17:00，约 15 分钟一班。', '2026-05-27 10:00:35'),
(30417, 2409, 'user', '怎么去灵山胜境？', '2026-06-01 09:30:00'),
(30418, 2409, 'assistant', '自驾建议走环太湖公路，沿途太湖风光很美。景区入口处有大型停车场，小车 10 元/次，旺季车位紧张建议早点到。', '2026-06-01 09:30:30'),
(30419, 2410, 'user', '怎么去灵山胜境？', '2026-06-02 15:00:00'),
(30420, 2410, 'assistant', '从拈花湾方向过来的游客可以乘坐免费接驳车，车程约 5 分钟。两个景区之间有清晰的指示牌，步行也可到达，约 30 分钟。', '2026-06-02 15:00:40'),
(30421, 2411, 'user', '怎么去灵山胜境？', '2026-06-04 10:30:00'),
(30422, 2411, 'assistant', '共享单车/电动车：景区周边有共享单车停放点，适合骑行游览太湖沿岸，从市区骑过来约 1.5 小时，适合体力好的游客。', '2026-06-04 10:30:35'),
(30423, 2412, 'user', '怎么去灵山胜境？', '2026-06-06 14:00:00'),
(30424, 2412, 'assistant', '建议下载"无锡地铁"App 或使用高德/百度地图实时导航。节假日有临时旅游专线，具体可关注"无锡灵山胜境"公众号获取最新交通信息。', '2026-06-06 14:00:30');

-- ==================== 话题⑥ 消息 (8条对话 × 2 = 16条消息) ====================
INSERT IGNORE INTO message (id, conversation_id, role, content, created_at) VALUES
(30501, 2501, 'user', '有没有推荐路线？', '2026-05-14 10:30:00'),
(30502, 2501, 'assistant', '推荐一日经典路线：上午灵山胜境（入口→九龙灌浴→灵山大佛→梵宫）→午餐→下午拈花湾（拈花广场→香月花街→梵天花海→五灯湖夜景），行程紧凑但充实。', '2026-05-14 10:30:40'),
(30503, 2502, 'user', '有没有推荐路线？', '2026-05-16 14:00:00'),
(30504, 2502, 'assistant', '半日祈福路线（灵山胜境）：大照壁→五智门→九龙灌浴→降魔浮雕→灵山大佛→祥符禅寺→梵宫，约 4 小时，适合时间有限的游客。', '2026-05-16 14:00:35'),
(30505, 2503, 'user', '有没有推荐路线？', '2026-05-19 09:00:00'),
(30506, 2503, 'assistant', '亲子路线：九龙灌浴（看表演）→百子戏弥勒→灵山大佛→梵宫→拈花湾（小火车→梵天花海→鹿鸣谷），全程约 6 小时，轻松有趣。', '2026-05-19 09:00:30'),
(30507, 2504, 'user', '有没有推荐路线？', '2026-05-22 16:00:00'),
(30508, 2504, 'assistant', '深度文化游路线：大照壁→佛足坛→五智门→菩提大道→降魔浮雕→阿育王柱→灵山大佛→佛教文化博览馆→梵宫→五印坛城，约 6-7 小时，适合文化爱好者。', '2026-05-22 16:00:40'),
(30509, 2505, 'user', '有没有推荐路线？', '2026-05-25 11:00:00'),
(30510, 2505, 'assistant', '拈花湾半日悠闲路线：拈花广场→拈花堂（抄经体验）→香月花街（逛吃）→梵天花海（拍照）→五灯湖（看夜景《禅行》演出），约 4-5 小时。', '2026-05-25 11:00:35'),
(30511, 2506, 'user', '有没有推荐路线？', '2026-05-28 14:30:00'),
(30512, 2506, 'assistant', '两日深度游：Day1 灵山胜境（全景点）→Day2 拈花湾+太湖沿岸。建议入住拈花湾内的禅意客栈，体验早课和禅修活动，感受真正的禅意生活。', '2026-05-28 14:30:30'),
(30513, 2507, 'user', '有没有推荐路线？', '2026-06-03 10:00:00'),
(30514, 2507, 'assistant', '摄影打卡路线：菩提大道（光影）→九龙灌浴（抓拍）→灵山大佛（仰拍）→梵宫华藏世界（琉璃艺术）→拈花湾梵天花海→五灯湖夜景，处处出片。', '2026-06-03 10:00:40'),
(30515, 2508, 'user', '有没有推荐路线？', '2026-06-06 16:00:00'),
(30516, 2508, 'assistant', '傍晚专场路线（适合下午才到的游客）：灵山大佛（快速登顶）→梵宫（精华游览）→转场拈花湾→香月花街晚餐→梵天花海→五灯湖《禅行》灯光秀，约 4 小时。', '2026-06-06 16:00:35');

-- ==================== 话题⑦ 消息 (5条对话 × 2 = 10条消息) ====================
INSERT IGNORE INTO message (id, conversation_id, role, content, created_at) VALUES
(30601, 2601, 'user', '附近有什么美食？', '2026-05-18 12:00:00'),
(30602, 2601, 'assistant', '灵山胜境内有灵山精舍素食餐厅，提供精致的素斋自助餐，人均约 80 元。拈花湾的香月花街有很多特色小吃，如无锡小笼包、太湖三白、糖芋苗等。', '2026-05-18 12:00:40'),
(30603, 2602, 'user', '附近有什么美食？', '2026-05-22 12:30:00'),
(30604, 2602, 'assistant', '拈花湾香月花街推荐：①"灵山素面馆"的素面 ②"太湖人家"的白鱼 ③"禅茶一味"的禅茶点心 ④沿街的各种无锡特色小吃。人均 50-100 元。', '2026-05-22 12:30:35'),
(30605, 2603, 'user', '附近有什么美食？', '2026-05-27 11:45:00'),
(30606, 2603, 'assistant', '景区周边马山镇有很多农家乐，以太湖湖鲜为特色，推荐菜品：清蒸白鱼、太湖银鱼羹、盐水虾、莼菜汤等，价格实惠，人均约 60 元。', '2026-05-27 11:45:30'),
(30607, 2604, 'user', '附近有什么美食？', '2026-06-02 12:15:00'),
(30608, 2604, 'assistant', '拈花湾内的"禅意茶餐厅"提供精致的素食套餐，环境清幽，人均约 100 元。适合想要体验禅意餐饮文化的游客，需要提前预约。', '2026-06-02 12:15:40'),
(30609, 2605, 'user', '附近有什么美食？', '2026-06-06 11:30:00'),
(30610, 2605, 'assistant', '推荐品尝无锡特色小吃：无锡酱排骨、小笼包、开洋馄饨、玉兰饼等。景区出口处有特产店可以购买太湖特产礼盒。', '2026-06-06 11:30:35');

-- ==================== 话题⑧ 消息 (3条对话 × 2 = 6条消息) ====================
INSERT IGNORE INTO message (id, conversation_id, role, content, created_at) VALUES
(30701, 2701, 'user', '可以带宠物吗？', '2026-05-20 10:00:00'),
(30702, 2701, 'assistant', '灵山胜境和拈花湾景区暂不允许携带宠物入园，但景区提供宠物寄养服务，位于游客服务中心，您可以放心将宠物寄托后入园游览。', '2026-05-20 10:00:35'),
(30703, 2702, 'user', '可以带宠物吗？', '2026-05-28 09:30:00'),
(30704, 2702, 'assistant', '景区不允许携带宠物进入。建议提前安排好宠物，或使用景区提供的宠物寄养服务。寄养处提供饮水和基本看护，不收取费用。', '2026-05-28 09:30:30'),
(30705, 2703, 'user', '可以带宠物吗？', '2026-06-05 15:00:00'),
(30706, 2703, 'assistant', '为了保护景区环境和游客安全，灵山胜境和拈花湾均禁止携带宠物入园。建议自驾游客将宠物留在车内（注意通风），或使用景区宠物寄存服务。', '2026-06-05 15:00:40');
